<MemberList xmlns="http://schemas.datacontract.org/2004/07/BoatMemberRegistry.Model" xmlns:i="http://www.w3.org/2001/XMLSchema-instance"><Members><Member><Boats><Boat><Length>8.3</Length><Type>Motorsailer</Type></Boat><Boat><Length>2</Length><Type>Sailboat</Type></Boat></Boats><Name>Ola</Name><PersonalNumber>345678-1234</PersonalNumber><UniqueId>39GCUBJ5</UniqueId></Member><Member><Boats><Boat><Length>15</Length><Type>Sailboat</Type></Boat></Boats><Name>Per-Arne</Name><PersonalNumber>234343-1234</PersonalNumber><UniqueId>E5ETD14K</UniqueId></Member><Member><Boats><Boat><Length>24</Length><Type>Sailboat</Type></Boat><Boat><Length>23.2</Length><Type>Kayak__Canoe</Type></Boat></Boats><Name>Arne</Name><PersonalNumber>345353-3424</PersonalNumber><UniqueId>NSMPU6SU</UniqueId></Member><Member><Boats/><Name>Hugo</Name><PersonalNumber>345434-2321</PersonalNumber><UniqueId>1NR0J4UO</UniqueId></Member></Members></MemberList>